id,name
302c7d44-0b58-49fc-82ce-c7bc0e2e47d3,Madison Harris
0947c247-24e9-48fc-ba6b-dfa28f4064ee,Anthony Clark
b7a11831-225f-4efe-aac3-206f27c6d6fb,Mark Edwards
2dd9eed9-e22f-4887-acb1-e7af63c8c4b5,Jennifer Wilson
b9a8e813-9cd2-412f-8cc9-3fdee463ca4c,Brandon Anderson
caac86b1-ca3b-40ef-a493-ffb35231e0cb,William Robinson
baa961da-d5fc-4875-83d8-1f1639acde5d,Elizabeth Miller
7fd66af3-3176-4d1d-ab27-a63a0ea9e7cc,Michael Martinez
381ef061-9b28-46f0-9d1a-f819b7471d1c,William Garcia
cd864a1b-47e8-4880-8cf3-fe61fb1f59ef,Amanda Johnson
14882471-6a45-46c0-bb3a-c74d9662c1dd,Sarah King
adcc1189-15fe-4826-a32f-b5d238256163,Christopher Morris
4628722b-4bfb-4dcb-abbd-9fa720185982,Steven Turner
fb19bb52-2188-4c65-99ed-8d6c22276a10,Joshua Evans
10e50e89-3d5e-446d-bbd5-a35d18f1fbd7,Betty Adams
e1944a82-cd29-4f32-b5ca-c527edd3ff2f,Chloe Davis
3c8712b0-b16b-42b4-818d-7815cd9fad51,Emily Roberts
77b202af-66d8-4c13-9afc-28db7f3ae46b,Matthew Johnson
f996822e-41e9-4e27-beb4-bf076413aa8f,Amanda Jackson
21175529-6107-4b8a-82eb-364176e40a44,Barbara Turner
c49d3fbe-353e-4e4e-881f-e2350b628099,John Stewart
f7408995-791c-4679-961e-5a3583333784,Brandon Nelson
056ef48e-b19d-4cc6-b78c-e2bc4310ad81,Kimberly Thomas
402955cc-3876-43f7-9049-3844fe87f8c9,Christopher Miller
0daefb8e-4d22-4074-bb6c-73fa56b7ea23,Elizabeth Moore
f4a49de7-23e3-4c5d-9573-4ba40f399c12,Joseph Davis
9b2477ab-c7d6-4a0b-8ee3-efa94e9cdbde,Betty Thomas
9b8954ad-6b61-41a6-8a85-fb95872f5adc,Ethan Scott
7fbae95d-a3d3-45a3-92de-2e608afd9d21,Ryan Brown
fbbca5fb-46b6-4c26-bcfd-81fddbdcfe7d,Mary White
8e7b158f-d355-42d8-88d3-ce2f7f179d9e,James Edwards
3e02656d-ee0c-43fe-830f-d21617876314,Anthony Jackson
1cc2caf8-5efe-45f1-9574-eb88ef571498,Madison Miller
f851d992-e1ae-4540-91cb-480035fcc8cd,Sarah Jackson
b51d4f3d-07c5-4332-ac1e-c4c58614532e,Nancy Scott
e6261281-5952-4490-8e58-63348c95dbfa,Charles Green
ff1fd61f-c944-4cf0-8793-53607ca93c71,Madison Young
6816af35-f53f-4df0-9afe-553d69bcac97,Jennifer Roberts
6ff8c159-d54a-4a02-9230-c4a037516fe7,Mark Stewart
c8b7db76-a01f-4666-ad6e-2337ad1e37d5,Lisa Mitchell
8eca7772-1fe0-432a-9804-4a7555b9cd14,Andrew Lee
9cdb5066-fcfd-42a3-9a78-afa99f5acf26,John Johnson
19dd58b4-5afb-4b40-9f56-57cd233238ad,Tyler Lewis
26526fea-bbfd-4639-a84c-a668290eb32c,Andrew Moore
f8c5ebad-faba-4eb6-a88e-02d5ec6f518f,John Anderson
3fe875eb-42b2-45c1-9b06-a983809c4f4b,Madison Clark
95992f76-c38c-40a3-b228-4f77de2cf694,Madison King
de5aca23-1401-447e-a8db-850619fec1f4,Amanda Jones
0d0f7446-30a6-4c8b-a582-e60428c93706,Karen Baker
7067ca53-fead-4c23-abf5-23762766e3aa,Brandon Garcia
